From	Entry	Entry Name	Protein names	Organism	Length	Organism (ID)	Sequence version	Gene Names	Protein existence	BioCyc	Annotation
P0AFG3	P0AFG3	ODO1_ECOLI	2-oxoglutarate dehydrogenase E1 component (EC 1.2.4.2) (Alpha-ketoglutarate dehydrogenase)	Escherichia coli (strain K12)	933	83333	1	sucA b0726 JW0715	Evidence at protein level	EcoCyc:E1O-MON;MetaCyc:E1O-MON;	5.0
P62707	P62707	GPMA_ECOLI	2,3-bisphosphoglycerate-dependent phosphoglycerate mutase (BPG-dependent PGAM) (PGAM) (Phosphoglyceromutase) (dPGM) (EC 5.4.2.11)	Escherichia coli (strain K12)	250	83333	2	gpmA gpm pgm pgmA b0755 JW0738	Evidence at protein level	EcoCyc:GPMA-MON;MetaCyc:GPMA-MON;	5.0
P0A9V8	P0A9V8	SQUU_ECOLI	3-sulfolactaldehyde reductase (SLA reductase) (EC 1.1.1.373) (4-hydroxybutyrate dehydrogenase) (EC 1.1.1.61) (Gamma-hydroxybutyrate dehydrogenase) (GHBDH) (Succinic semialdehyde reductase) (SSA reductase)	Escherichia coli (strain K12)	298	83333	1	yihU b3882 JW3853	Evidence at protein level	EcoCyc:EG11847-MON;MetaCyc:EG11847-MON;	5.0
P0AEZ1	P0AEZ1	METF_ECOLI	5,10-methylenetetrahydrofolate reductase (MTHFR) (EC 1.5.1.54) (NADH-dependent 5,10-methylenetetrahydrofolate reductase)	Escherichia coli (strain K12)	296	83333	1	metF b3941 JW3913	Evidence at protein level	EcoCyc:METHYLENETHFREDUCT-MON;MetaCyc:METHYLENETHFREDUCT-MON;	5.0
P0A796	P0A796	PFKA_ECOLI	ATP-dependent 6-phosphofructokinase isozyme 1 (ATP-PFK 1) (Phosphofructokinase 1) (EC 2.7.1.11) (6-phosphofructokinase isozyme I) (Phosphohexokinase 1) (Sedoheptulose-7-phosphate kinase)	Escherichia coli (strain K12)	320	83333	1	pfkA b3916 JW3887	Evidence at protein level	EcoCyc:6PFK-1-MON;MetaCyc:6PFK-1-MON;	5.0
P06999	P06999	PFKB_ECOLI	ATP-dependent 6-phosphofructokinase isozyme 2 (ATP-PFK 2) (Phosphofructokinase 2) (EC 2.7.1.11) (6-phosphofructokinase isozyme II) (Phosphohexokinase 2)	Escherichia coli (strain K12)	309	83333	2	pfkB b1723 JW5280	Evidence at protein level	EcoCyc:6PFK-2-MON;MetaCyc:6PFK-2-MON;	5.0
P00350	P00350	6PGD_ECOLI	6-phosphogluconate dehydrogenase, decarboxylating (EC 1.1.1.44)	Escherichia coli (strain K12)	468	83333	2	gnd b2029 JW2011	Evidence at protein level	EcoCyc:6PGLUCONDEHYDROG-MON;MetaCyc:6PGLUCONDEHYDROG-MON;	5.0
P77580	P77580	ACDH_ECOLI	Acetaldehyde dehydrogenase (EC 1.2.1.10) (Acetaldehyde dehydrogenase [acetylating])	Escherichia coli (strain K12)	316	83333	1	mhpF mhpE b0351 JW0342	Evidence at protein level	EcoCyc:MHPF-MON;MetaCyc:MHPF-MON;	4.0
P77445	P77445	EUTE_ECOLI	Acetaldehyde dehydrogenase (acetylating) EutE (EC 1.2.1.10) (Ethanolamine utilization protein EutE)	Escherichia coli (strain K12)	467	83333	1	eutE yffX b2455 JW2439	Inferred from homology	EcoCyc:G7285-MON;MetaCyc:G7285-MON;	3.0
P0A6A3	P0A6A3	ACKA_ECOLI	Acetate kinase (EC 2.7.2.1) (Acetokinase)	Escherichia coli (strain K12)	400	83333	1	ackA ack b2296 JW2293	Evidence at protein level	EcoCyc:ACETATEKINA-MON;MetaCyc:ACETATEKINA-MON;	5.0
P0ABD5	P0ABD5	ACCA_ECOLI	Acetyl-coenzyme A carboxylase carboxyl transferase subunit alpha (ACCase subunit alpha) (Acetyl-CoA carboxylase carboxyltransferase subunit alpha) (EC 2.1.3.15)	Escherichia coli (strain K12)	319	83333	2	accA b0185 JW0180	Evidence at protein level	EcoCyc:CARBOXYL-TRANSFERASE-ALPHA-MON;MetaCyc:CARBOXYL-TRANSFERASE-ALPHA-MON;	5.0
P0A9Q5	P0A9Q5	ACCD_ECOLI	Acetyl-coenzyme A carboxylase carboxyl transferase subunit beta (ACCase subunit beta) (Acetyl-CoA carboxylase carboxyltransferase subunit beta) (EC 2.1.3.15)	Escherichia coli (strain K12)	304	83333	1	accD dedB usg b2316 JW2313	Evidence at protein level	EcoCyc:CARBOXYL-TRANSFERASE-BETA-MON;MetaCyc:CARBOXYL-TRANSFERASE-BETA-MON;	5.0
P27550	P27550	ACSA_ECOLI	Acetyl-coenzyme A synthetase (AcCoA synthetase) (Acs) (EC 6.2.1.1) (Acetate--CoA ligase) (Acyl-activating enzyme)	Escherichia coli (strain K12)	652	83333	2	acs yfaC b4069 JW4030	Evidence at protein level	EcoCyc:ACS-MON;MetaCyc:ACS-MON;	5.0
P25516	P25516	ACNA_ECOLI	Aconitate hydratase A (ACN) (Aconitase) (EC 4.2.1.3) (Iron-responsive protein-like) (IRP-like) (RNA-binding protein) (Stationary phase enzyme)	Escherichia coli (strain K12)	891	83333	3	acnA acn b1276 JW1268	Evidence at protein level	EcoCyc:ACONITASE-MON;MetaCyc:ACONITASE-MON;	5.0
P26646	P26646	ACUI_ECOLI	Probable acrylyl-CoA reductase AcuI (EC 1.3.1.84) (Acryloyl-coenzyme A reductase AcuI)	Escherichia coli (strain K12)	324	83333	1	acuI yhdH b3253 JW3222	Evidence at protein level	EcoCyc:EG11315-MON;MetaCyc:EG11315-MON;	4.0
P09373	P09373	PFLB_ECOLI	Formate acetyltransferase 1 (EC 2.3.1.54) (Pyruvate formate-lyase 1)	Escherichia coli (strain K12)	760	83333	2	pflB pfl b0903 JW0886	Evidence at protein level	EcoCyc:PYRUVFORMLY-MON;MetaCyc:PYRUVFORMLY-MON;	5.0
P0A8Z0	P0A8Z0	YCIA_ECOLI	Acyl-CoA thioester hydrolase YciA (EC 3.1.2.-) (Protein P14)	Escherichia coli (strain K12)	132	83333	1	yciA b1253 JW1245	Inferred from homology	EcoCyc:EG11121-MON;MetaCyc:EG11121-MON;	3.0
P69441	P69441	KAD_ECOLI	Adenylate kinase (AK) (EC 2.7.4.3) (ATP-AMP transphosphorylase) (ATP:AMP phosphotransferase) (Adenylate monophosphate kinase)	Escherichia coli (strain K12)	214	83333	1	adk dnaW plsA b0474 JW0463	Evidence at protein level	EcoCyc:ADENYL-KIN-MON;MetaCyc:ADENYL-KIN-MON;	5.0
P25553	P25553	ALDA_ECOLI	Lactaldehyde dehydrogenase (EC 1.2.1.22) (Aldehyde dehydrogenase A) (Glycolaldehyde dehydrogenase) (EC 1.2.1.21)	Escherichia coli (strain K12)	479	83333	2	aldA ald b1415 JW1412	Evidence at protein level	EcoCyc:LACTALDDEHYDROG-MON;MetaCyc:LACTALDDEHYDROG-MON;	5.0
P00509	P00509	AAT_ECOLI	Aspartate aminotransferase (AspAT) (EC 2.6.1.1) (Transaminase A)	Escherichia coli (strain K12)	396	83333	1	aspC b0928 JW0911	Evidence at protein level	EcoCyc:ASPAMINOTRANS-MON;MetaCyc:ASPAMINOTRANS-MON;	5.0
P0ABB0	P0ABB0	ATPA_ECOLI	ATP synthase subunit alpha (EC 7.1.2.2) (ATP synthase F1 sector subunit alpha) (F-ATPase subunit alpha)	Escherichia coli (strain K12)	513	83333	1	atpA papA uncA b3734 JW3712	Evidence at protein level	EcoCyc:ATPA-MON;MetaCyc:ATPA-MON;	5.0
P0ABB4	P0ABB4	ATPB_ECOLI	ATP synthase subunit beta (EC 7.1.2.2) (ATP synthase F1 sector subunit beta) (F-ATPase subunit beta)	Escherichia coli (strain K12)	460	83333	2	atpD papB uncD b3732 JW3710	Evidence at protein level	EcoCyc:ATPD-MON;MetaCyc:ATPD-MON;	5.0
P0ABA6	P0ABA6	ATPG_ECOLI	ATP synthase gamma chain (ATP synthase F1 sector gamma subunit) (F-ATPase gamma subunit)	Escherichia coli (strain K12)	287	83333	1	atpG papC uncG b3733 JW3711	Evidence at protein level	EcoCyc:ATPG-MON;MetaCyc:ATPG-MON;	5.0
P0ABA4	P0ABA4	ATPD_ECOLI	ATP synthase subunit delta (ATP synthase F(1) sector subunit delta) (F-type ATPase subunit delta) (F-ATPase subunit delta)	Escherichia coli (strain K12)	177	83333	1	atpH papE uncH b3735 JW3713	Evidence at protein level	EcoCyc:ATPH-MON;MetaCyc:ATPH-MON;	5.0
P0A6E6	P0A6E6	ATPE_ECOLI	ATP synthase epsilon chain (ATP synthase F1 sector epsilon subunit) (F-ATPase epsilon subunit)	Escherichia coli (strain K12)	139	83333	2	atpC papG uncC b3731 JW3709	Evidence at protein level	EcoCyc:ATPC-MON;MetaCyc:ATPC-MON;	5.0
P24186	P24186	FOLD_ECOLI	Bifunctional protein FolD [Includes: Methylenetetrahydrofolate dehydrogenase (EC 1.5.1.5); Methenyltetrahydrofolate cyclohydrolase (EC 3.5.4.9)]	Escherichia coli (strain K12)	288	83333	4	folD ads b0529 JW0518	Evidence at protein level	EcoCyc:FOLD-MON;MetaCyc:FOLD-MON;	5.0
P69330	P69330	CITD_ECOLI	Citrate lyase acyl carrier protein (Citrate lyase gamma chain)	Escherichia coli (strain K12)	98	83333	1	citD ybdX b0617 JW0609	Evidence at transcript level	EcoCyc:ACPSUB-MON;MetaCyc:ACPSUB-MON;	4.0
P75726	P75726	CILA_ECOLI	Citrate lyase alpha chain (Citrase alpha chain) (EC 4.1.3.6) (Citrate (pro-3S)-lyase alpha chain) (Citrate CoA-transferase subunit) (EC 2.8.3.10)	Escherichia coli (strain K12)	510	83333	1	citF ybdV b0615 JW5087	Evidence at transcript level	EcoCyc:CITTRANS-MON;MetaCyc:CITTRANS-MON;	4.0
P0A9I1	P0A9I1	CITE_ECOLI	Citrate lyase subunit beta (Citrase beta chain) (EC 4.1.3.6) (Citrate (pro-3S)-lyase subunit beta) (Citryl-CoA lyase subunit) (EC 4.1.3.34)	Escherichia coli (strain K12)	302	83333	1	citE ybdW b0616 JW0608	Evidence at transcript level	EcoCyc:CITRYLY-MON;MetaCyc:CITRYLY-MON;	4.0
P0ABH7	P0ABH7	CISY_ECOLI	Citrate synthase (EC 2.3.3.16)	Escherichia coli (strain K12)	427	83333	1	gltA gluT icdB b0720 JW0710	Evidence at protein level	EcoCyc:CITSYN-MON;MetaCyc:CITSYN-MON;	5.0
P52643	P52643	LDHD_ECOLI	D-lactate dehydrogenase (D-LDH) (EC 1.1.1.28) (Fermentative lactate dehydrogenase)	Escherichia coli (strain K12)	329	83333	1	ldhA hslI htpH b1380 JW1375	Evidence at protein level	EcoCyc:DLACTDEHYDROGNAD-MON;MetaCyc:DLACTDEHYDROGNAD-MON;	4.0
P0A6L0	P0A6L0	DEOC_ECOLI	Deoxyribose-phosphate aldolase (DERA) (EC 4.1.2.4) (2-deoxy-D-ribose 5-phosphate aldolase) (Phosphodeoxyriboaldolase) (Deoxyriboaldolase)	Escherichia coli (strain K12)	259	83333	1	deoC dra thyR b4381 JW4344	Evidence at protein level	EcoCyc:DEOXYRIBOSE-P-ALD-MON;MetaCyc:DEOXYRIBOSE-P-ALD-MON;	5.0
P0AFG6	P0AFG6	ODO2_ECOLI	Dihydrolipoyllysine-residue succinyltransferase component of 2-oxoglutarate dehydrogenase complex (EC 2.3.1.61) (2-oxoglutarate dehydrogenase complex component E2) (OGDC-E2) (Dihydrolipoamide succinyltransferase component of 2-oxoglutarate dehydrogenase complex)	Escherichia coli (strain K12)	405	83333	2	sucB b0727 JW0716	Evidence at protein level	EcoCyc:E2O-MON;MetaCyc:E2O-MON;	5.0
P76015	P76015	DHAK_ECOLI	PEP-dependent dihydroxyacetone kinase, dihydroxyacetone-binding subunit DhaK (EC 2.7.1.121)	Escherichia coli (strain K12)	356	83333	2	dhaK ycgT b1200 JW5187	Evidence at protein level	EcoCyc:G6627-MON;MetaCyc:G6627-MON;	5.0
P76014	P76014	DHAL_ECOLI	PEP-dependent dihydroxyacetone kinase, ADP-binding subunit DhaL (EC 2.7.1.121)	Escherichia coli (strain K12)	210	83333	3	dhaL ycgS b1199 JW5186	Evidence at protein level	EcoCyc:MON0-1261;MetaCyc:MON0-1261;	5.0
P37349	P37349	DHAM_ECOLI	PEP-dependent dihydroxyacetone kinase, phosphoryl donor subunit DhaM (EC 2.7.1.121) (Dihydroxyacetone kinase subunit M)	Escherichia coli (strain K12)	472	83333	3	dhaM ycgC b1198 JW5185	Evidence at protein level	EcoCyc:EG12399-MON;MetaCyc:EG12399-MON;	5.0
P0A6P9	P0A6P9	ENO_ECOLI	Enolase (EC 4.2.1.11) (2-phospho-D-glycerate hydro-lyase) (2-phosphoglycerate dehydratase)	Escherichia coli (strain K12)	432	83333	2	eno b2779 JW2750	Evidence at protein level	EcoCyc:ENOLASE-MON;MetaCyc:ENOLASE-MON;	5.0
P69783	P69783	PTGA_ECOLI	PTS system glucose-specific EIIA component (EIIA-Glc) (EIII-Glc) (Glucose-specific phosphotransferase enzyme IIA component)	Escherichia coli (strain K12)	169	83333	2	crr gsr iex tgs treD b2417 JW2410	Evidence at protein level	EcoCyc:CRR-MON;MetaCyc:CRR-MON;	5.0
P39451	P39451	ADHP_ECOLI	Alcohol dehydrogenase, propanol-preferring (EC 1.1.1.1)	Escherichia coli (strain K12)	336	83333	1	adhP yddN b1478 JW1474	Evidence at protein level	EcoCyc:ADHP-MON;MetaCyc:ADHP-MON;	4.0
P28861	P28861	FENR_ECOLI	Flavodoxin/ferredoxin--NADP reductase (EC 1.18.1.2) (EC 1.19.1.1) (Ferredoxin (flavodoxin):NADP(+) oxidoreductase) (Ferredoxin--NADP reductase) (FNR) (Flavodoxin--NADP reductase) (FLDR) (Methyl viologen resistance protein A) (dA1)	Escherichia coli (strain K12)	248	83333	4	fpr mvrA b3924 JW3895	Evidence at protein level	EcoCyc:FLAVONADPREDUCT-MON;MetaCyc:FLAVONADPREDUCT-MON;	5.0
P75893	P75893	RUTF_ECOLI	FMN reductase (NADH) RutF (EC 1.5.1.42) (FMN reductase) (NADH-flavin reductase RutF) (NADH:flavin oxidoreductase)	Escherichia coli (strain K12)	164	83333	3	rutF ycdH b1007 JW5138	Evidence at protein level	EcoCyc:G6518-MON;MetaCyc:G6518-MON;	4.0
P0A993	P0A993	F16PA_ECOLI	Fructose-1,6-bisphosphatase class 1 (FBPase class 1) (EC 3.1.3.11) (D-fructose-1,6-bisphosphate 1-phosphohydrolase class 1)	Escherichia coli (strain K12)	332	83333	1	fbp fdp b4232 JW4191	Evidence at protein level	EcoCyc:F16B-MON;MetaCyc:F16B-MON;	5.0
P0A991	P0A991	ALF1_ECOLI	Fructose-bisphosphate aldolase class 1 (EC 4.1.2.13) (Fructose-bisphosphate aldolase class I) (FBP aldolase)	Escherichia coli (strain K12)	350	83333	2	fbaB dhnA b2097 JW5344	Evidence at protein level	EcoCyc:FRUCBISALD-CLASSI-MON;MetaCyc:FRUCBISALD-CLASSI-MON;	5.0
P0AB71	P0AB71	ALF_ECOLI	Fructose-bisphosphate aldolase class 2 (FBP aldolase) (FBPA) (EC 4.1.2.13) (Fructose-1,6-bisphosphate aldolase) (Fructose-bisphosphate aldolase class II) (Sedoheptulose bisphosphate aldolase)	Escherichia coli (strain K12)	359	83333	2	fbaA fba fda b2925 JW2892	Evidence at protein level	EcoCyc:FRUCTBISALD-CLASSII-MON;MetaCyc:FRUCTBISALD-CLASSII-MON;	5.0
P0AC33	P0AC33	FUMA_ECOLI	Fumarate hydratase class I, aerobic (EC 4.2.1.2) (Fumarase A) (Oxaloacetate keto--enol-isomerase) (OAAKE isomerase) (Oxaloacetate tautomerase) (EC 5.3.2.2)	Escherichia coli (strain K12)	548	83333	2	fumA b1612 JW1604	Evidence at protein level	EcoCyc:FUMA-MON;MetaCyc:FUMA-MON;	5.0
P0A6T3	P0A6T3	GAL1_ECOLI	Galactokinase (EC 2.7.1.6) (Galactose kinase)	Escherichia coli (strain K12)	382	83333	2	galK galA b0757 JW0740	Evidence at protein level	EcoCyc:GALACTOKIN-MON;MetaCyc:GALACTOKIN-MON;	5.0
P0A9C3	P0A9C3	GALM_ECOLI	Aldose 1-epimerase (EC 5.1.3.3) (Galactose mutarotase) (Type-1 mutarotase)	Escherichia coli (strain K12)	346	83333	1	galM b0756 JW0739	Evidence at protein level	EcoCyc:ALDOSE1EPIM-MON;MetaCyc:ALDOSE1EPIM-MON;	4.0
P09148	P09148	GAL7_ECOLI	Galactose-1-phosphate uridylyltransferase (Gal-1-P uridylyltransferase) (EC 2.7.7.12) (UDP-glucose--hexose-1-phosphate uridylyltransferase)	Escherichia coli (strain K12)	348	83333	2	galT galB b0758 JW0741	Evidence at protein level	EcoCyc:GALACTURIDYLYLTRANS-MON;MetaCyc:GALACTURIDYLYLTRANS-MON;	5.0
P0AEP1	P0AEP1	GALP_ECOLI	Galactose-proton symporter (Galactose transporter)	Escherichia coli (strain K12)	464	83333	1	galP b2943 JW2910	Evidence at protein level	EcoCyc:GALP-MON;MetaCyc:GALP-MON;	3.0
P0A6V8	P0A6V8	GLK_ECOLI	Glucokinase (EC 2.7.1.2) (Glucose kinase)	Escherichia coli (strain K12)	321	83333	1	glk b2388 JW2385	Evidence at protein level	EcoCyc:GLUCOKIN-MON;MetaCyc:GLUCOKIN-MON;	4.0
Q8ZPV9	Q8ZPV9	YEAD_SALTY	Putative glucose-6-phosphate 1-epimerase (EC 5.1.3.15) (Putative D-hexose-6-phosphate mutarotase)	Salmonella typhimurium (strain LT2 / SGSC1412 / ATCC 700720)	294	99287	1	yeaD STM1289	Evidence at protein level	SENT99287:STM1289-MON;	3.0
P0A6T1	P0A6T1	G6PI_ECOLI	Glucose-6-phosphate isomerase (GPI) (EC 5.3.1.9) (Phosphoglucose isomerase) (PGI) (Phosphohexose isomerase) (PHI)	Escherichia coli (strain K12)	549	83333	1	pgi b4025 JW3985	Evidence at protein level	EcoCyc:PGLUCISOM;MetaCyc:PGLUCISOM;	5.0
P69786	P69786	PTGCB_ECOLI	PTS system glucose-specific EIICB component (EIICB-Glc) (EII-Glc) [Includes: Glucose permease IIC component (PTS system glucose-specific EIIC component); Glucose-specific phosphotransferase enzyme IIB component (EC 2.7.1.199) (PTS system glucose-specific EIIB component)]	Escherichia coli (strain K12)	477	83333	1	ptsG glcA umg b1101 JW1087	Evidence at protein level	EcoCyc:PTSG-MON;MetaCyc:PTSG-MON;	5.0
P0A9B2	P0A9B2	G3P1_ECOLI	Glyceraldehyde-3-phosphate dehydrogenase A (GAPDH-A) (EC 1.2.1.12) (NAD-dependent glyceraldehyde-3-phosphate dehydrogenase)	Escherichia coli (strain K12)	331	83333	2	gapA b1779 JW1768	Evidence at protein level	EcoCyc:GAPDH-A-MON;MetaCyc:GAPDH-A-MON;	5.0
P0A6F3	P0A6F3	GLPK_ECOLI	Glycerol kinase (EC 2.7.1.30) (ATP:glycerol 3-phosphotransferase) (Glycerokinase) (GK)	Escherichia coli (strain K12)	502	83333	2	glpK b3926 JW3897	Evidence at protein level	EcoCyc:GLYCEROL-KIN-MON;MetaCyc:GLYCEROL-KIN-MON;	5.0
P0A6S7	P0A6S7	GPDA_ECOLI	Glycerol-3-phosphate dehydrogenase [NAD(P)+] (EC 1.1.1.94) (NAD(P)H-dependent glycerol-3-phosphate dehydrogenase)	Escherichia coli (strain K12)	339	83333	1	gpsA b3608 JW3583	Inferred from homology	EcoCyc:GLYC3PDEHYDROGBIOSYN-MON;MetaCyc:GLYC3PDEHYDROGBIOSYN-MON;	4.0
P0AC84	P0AC84	GLO2_ECOLI	Hydroxyacylglutathione hydrolase GloB (EC 3.1.2.6) (Glyoxalase II) (Glx II)	Escherichia coli (strain K12)	251	83333	1	gloB yafR b0212 JW0202	Evidence at protein level	EcoCyc:GLYOXII-MON;MetaCyc:GLYOXII-MON;	5.0
P75849	P75849	GLO22_ECOLI	Hydroxyacylglutathione hydrolase GloC (EC 3.1.2.6) (Accessory type II glyoxalase) (Glyoxalase II 2) (GlxII-2)	Escherichia coli (strain K12)	215	83333	1	gloC ycbL b0927 JW0910	Evidence at protein level	EcoCyc:G6475-MON;MetaCyc:G6475-MON;	5.0
P0A7A9	P0A7A9	IPYR_ECOLI	Inorganic pyrophosphatase (EC 3.6.1.1) (Pyrophosphate phospho-hydrolase) (PPase)	Escherichia coli (strain K12)	176	83333	2	ppa b4226 JW4185	Evidence at protein level	EcoCyc:INORGPYROPHOSPHAT-MON;MetaCyc:INORGPYROPHOSPHAT-MON;	5.0
P08200	P08200	IDH_ECOLI	Isocitrate dehydrogenase [NADP] (IDH) (EC 1.1.1.42) (IDP) (NADP(+)-specific ICDH) (Oxalosuccinate decarboxylase)	Escherichia coli (strain K12)	416	83333	1	icd icdA icdE b1136 JW1122	Evidence at protein level	EcoCyc:ISOCITDEH-SUBUNIT;MetaCyc:ISOCITDEH-SUBUNIT;	5.0
P0A9G6	P0A9G6	ACEA_ECOLI	Isocitrate lyase (ICL) (EC 4.1.3.1) (Isocitrase) (Isocitratase)	Escherichia coli (strain K12)	434	83333	1	aceA icl b4015 JW3975	Evidence at protein level	EcoCyc:ISOCIT-LYASE-MON;MetaCyc:ISOCIT-LYASE-MON;	5.0
P02920	P02920	LACY_ECOLI	Lactose permease (Lactose-proton symport)	Escherichia coli (strain K12)	417	83333	1	lacY b0343 JW0334	Evidence at protein level	EcoCyc:LACY-MON;MetaCyc:LACY-MON;	5.0
P0AC81	P0AC81	LGUL_ECOLI	Lactoylglutathione lyase (EC 4.4.1.5) (Aldoketomutase) (Glyoxalase I) (Glx I) (Ketone-aldehyde mutase) (Methylglyoxalase) (S-D-lactoylglutathione methylglyoxal lyase)	Escherichia coli (strain K12)	135	83333	1	gloA b1651 JW1643	Evidence at protein level	EcoCyc:GLYOXI-MON;MetaCyc:GLYOXI-MON;	5.0
P0A9P0	P0A9P0	DLDH_ECOLI	Dihydrolipoyl dehydrogenase (EC 1.8.1.4) (Dihydrolipoamide dehydrogenase) (E3 component of pyruvate and 2-oxoglutarate dehydrogenases complexes) (Glycine cleavage system L protein)	Escherichia coli (strain K12)	474	83333	2	lpdA lpd b0116 JW0112	Evidence at protein level	EcoCyc:E3-MON;MetaCyc:E3-MON;	5.0
P61889	P61889	MDH_ECOLI	Malate dehydrogenase (EC 1.1.1.37)	Escherichia coli (strain K12)	312	83333	1	mdh b3236 JW3205	Evidence at protein level	EcoCyc:MALATE-DEHASE-MON;MetaCyc:MALATE-DEHASE-MON;	5.0
P26616	P26616	MAO1_ECOLI	NAD-dependent malic enzyme (NAD-ME) (EC 1.1.1.38)	Escherichia coli (strain K12)	565	83333	4	maeA sfcA b1479 JW5238	Evidence at protein level	EcoCyc:MALIC-NAD-MON;MetaCyc:MALIC-NAD-MON;	5.0
P76558	P76558	MAO2_ECOLI	NADP-dependent malic enzyme (NADP-ME) (EC 1.1.1.40)	Escherichia coli (strain K12)	759	83333	1	maeB ypfF b2463 JW2447	Evidence at protein level	EcoCyc:MALIC-NADP-MON;MetaCyc:MALIC-NADP-MON;	5.0
P08997	P08997	MASY_ECOLI	Malate synthase A (MSA) (EC 2.3.3.9)	Escherichia coli (strain K12)	533	83333	1	aceB mas b4014 JW3974	Evidence at protein level	EcoCyc:MALATE-SYNTHASE;MetaCyc:MALATE-SYNTHASE;	3.0
P0A731	P0A731	MGSA_ECOLI	Methylglyoxal synthase (MGS) (EC 4.2.3.3)	Escherichia coli (strain K12)	152	83333	1	mgsA yccG b0963 JW5129	Evidence at protein level	EcoCyc:METHGLYSYN-MON;MetaCyc:METHGLYSYN-MON;	5.0
P27253	P27253	SCPA_ECOLI	Methylmalonyl-CoA mutase (MCM) (EC 5.4.99.2)	Escherichia coli (strain K12)	714	83333	2	scpA sbm yliK b2917 JW2884	Evidence at protein level	EcoCyc:METHYLMALONYL-COA-MUT-MON;MetaCyc:METHYLMALONYL-COA-MUT-MON;	4.0
P0A7B3	P0A7B3	NADK_ECOLI	NAD kinase (EC 2.7.1.23) (ATP-dependent NAD kinase)	Escherichia coli (strain K12)	292	83333	1	nadK yfjB yfjE b2615 JW2596	Evidence at protein level	EcoCyc:MON0-541;MetaCyc:MON0-541;	5.0
P0AC53	P0AC53	G6PD_ECOLI	Glucose-6-phosphate 1-dehydrogenase (G6PD) (EC 1.1.1.49) [Cleaved into: Extracellular death factor (EDF)]	Escherichia coli (strain K12)	491	83333	1	zwf b1852 JW1841	Evidence at protein level	EcoCyc:GLU6PDEHYDROG-MON;MetaCyc:GLU6PDEHYDROG-MON;	5.0
P80644	P80644	SSUE_ECOLI	FMN reductase (NADPH) (EC 1.5.1.38) (FMN reductase) (Sulfate starvation-induced protein 4) (SSI4)	Escherichia coli (strain K12)	191	83333	2	ssuE ycbP b0937 JW0920	Evidence at protein level	EcoCyc:MON0-146;MetaCyc:MON0-146;	4.0
P0A9M8	P0A9M8	PTA_ECOLI	Phosphate acetyltransferase (EC 2.3.1.8) (Phosphotransacetylase)	Escherichia coli (strain K12)	714	83333	2	pta b2297 JW2294	Evidence at protein level	EcoCyc:PHOSACETYLTRANS-MON;MetaCyc:PHOSACETYLTRANS-MON;	5.0
P22259	P22259	PCKA_ECOLI	Phosphoenolpyruvate carboxykinase (ATP) (PCK) (PEP carboxykinase) (PEPCK) (EC 4.1.1.49)	Escherichia coli (strain K12)	540	83333	2	pckA pck b3403 JW3366	Evidence at protein level	EcoCyc:PEPCARBOXYKIN-MON;MetaCyc:PEPCARBOXYKIN-MON;	5.0
P00864	P00864	CAPP_ECOLI	Phosphoenolpyruvate carboxylase (PEPC) (PEPCase) (EC 4.1.1.31)	Escherichia coli (strain K12)	883	83333	1	ppc glu b3956 JW3928	Evidence at protein level	EcoCyc:PEPCARBOX-MON;MetaCyc:PEPCARBOX-MON;	5.0
P23538	P23538	PPSA_ECOLI	Phosphoenolpyruvate synthase (PEP synthase) (EC 2.7.9.2) (Pyruvate, water dikinase)	Escherichia coli (strain K12)	792	83333	5	ppsA pps b1702 JW1692	Evidence at protein level	EcoCyc:PEPSYNTH-MON;MetaCyc:PEPSYNTH-MON;	5.0
P77366	P77366	PGMB_ECOLI	Beta-phosphoglucomutase (Beta-PGM) (EC 5.4.2.6)	Escherichia coli (strain K12)	219	83333	1	ycjU pgmB b1317 JW1310	Evidence at protein level	EcoCyc:G6655-MON;MetaCyc:G6655-MON;	5.0
P0A799	P0A799	PGK_ECOLI	Phosphoglycerate kinase (EC 2.7.2.3)	Escherichia coli (strain K12)	387	83333	2	pgk b2926 JW2893	Evidence at protein level	EcoCyc:PGK;MetaCyc:PGK;	5.0
P0A6K6	P0A6K6	DEOB_ECOLI	Phosphopentomutase (EC 5.4.2.7) (Phosphodeoxyribomutase)	Escherichia coli (strain K12)	407	83333	1	deoB drm thyR b4383 JW4346	Evidence at protein level	EcoCyc:PPENTOMUT-MON;MetaCyc:PPENTOMUT-MON;	5.0
P52043	P52043	SCPC_ECOLI	Propionyl-CoA:succinate CoA transferase (EC 2.8.3.-)	Escherichia coli (strain K12)	492	83333	1	scpC ygfH b2920 JW2887	Evidence at protein level	EcoCyc:G7517-MON;MetaCyc:G7517-MON;	3.0
P0AFG8	P0AFG8	ODP1_ECOLI	Pyruvate dehydrogenase E1 component (PDH E1 component) (EC 1.2.4.1)	Escherichia coli (strain K12)	887	83333	2	aceE b0114 JW0110	Evidence at protein level	EcoCyc:E1P-MON;MetaCyc:E1P-MON;	5.0
P06959	P06959	ODP2_ECOLI	Dihydrolipoyllysine-residue acetyltransferase component of pyruvate dehydrogenase complex (EC 2.3.1.12) (Dihydrolipoamide acetyltransferase component of pyruvate dehydrogenase complex) (E2)	Escherichia coli (strain K12)	630	83333	3	aceF b0115 JW0111	Evidence at protein level	EcoCyc:E2P-MON;MetaCyc:E2P-MON;	5.0
P0AD61	P0AD61	KPYK1_ECOLI	Pyruvate kinase I (EC 2.7.1.40) (PK-1)	Escherichia coli (strain K12)	470	83333	1	pykF b1676 JW1666	Evidence at protein level	EcoCyc:PKI-MON;MetaCyc:PKI-MON;	5.0
P0A9J6	P0A9J6	RBSK_ECOLI	Ribokinase (RK) (EC 2.7.1.15)	Escherichia coli (strain K12)	309	83333	1	rbsK b3752 JW3731	Evidence at protein level	EcoCyc:RIBOKIN-MON;MetaCyc:RIBOKIN-MON;	5.0
P0A7Z0	P0A7Z0	RPIA_ECOLI	Ribose-5-phosphate isomerase A (EC 5.3.1.6) (Phosphoriboisomerase A) (PRI)	Escherichia coli (strain K12)	219	83333	1	rpiA ygfC b2914 JW5475	Evidence at protein level	EcoCyc:RIB5PISOMA-MON;MetaCyc:RIB5PISOMA-MON;	5.0
P0AG07	P0AG07	RPE_ECOLI	Ribulose-phosphate 3-epimerase (EC 5.1.3.1) (Pentose-5-phosphate 3-epimerase) (PPE) (R5P3E)	Escherichia coli (strain K12)	225	83333	1	rpe dod yhfD b3386 JW3349	Evidence at protein level	EcoCyc:RIBULP3EPIM-MON;MetaCyc:RIBULP3EPIM-MON;	5.0
P27306	P27306	STHA_ECOLI	Soluble pyridine nucleotide transhydrogenase (STH) (EC 1.6.1.1) (NAD(P)(+) transhydrogenase [B-specific])	Escherichia coli (strain K12)	466	83333	5	sthA sth udhA b3962 JW5551	Evidence at protein level	EcoCyc:UDHA-MON;MetaCyc:UDHA-MON;	5.0
P76149	P76149	SAD_ECOLI	Succinate semialdehyde dehydrogenase [NAD(P)+] Sad (SSADH) (SSDH) (EC 1.2.1.16)	Escherichia coli (strain K12)	462	83333	2	sad yneI b1525 JW5247	Evidence at protein level	EcoCyc:G6811-MON;MetaCyc:G6811-MON;	5.0
P25526	P25526	GABD_ECOLI	Succinate-semialdehyde dehydrogenase [NADP(+)] GabD (SSDH) (EC 1.2.1.79) (Glutarate-semialdehyde dehydrogenase) (EC 1.2.1.-)	Escherichia coli (strain K12)	482	83333	1	gabD b2661 JW2636	Evidence at protein level	EcoCyc:SUCCSEMIALDDEHYDROG-MON;MetaCyc:SUCCSEMIALDDEHYDROG-MON;	5.0
P0AC41	P0AC41	SDHA_ECOLI	Succinate dehydrogenase flavoprotein subunit (EC 1.3.5.1)	Escherichia coli (strain K12)	588	83333	1	sdhA b0723 JW0713	Evidence at protein level	EcoCyc:SDH-FLAVO;MetaCyc:SDH-FLAVO;	5.0
P07014	P07014	SDHB_ECOLI	Succinate dehydrogenase iron-sulfur subunit (EC 1.3.5.1)	Escherichia coli (strain K12)	238	83333	1	sdhB b0724 JW0714	Evidence at protein level	EcoCyc:SDH-FE-S;MetaCyc:SDH-FE-S;	5.0
P69054	P69054	DHSC_ECOLI	Succinate dehydrogenase cytochrome b556 subunit (Cytochrome b-556)	Escherichia coli (strain K12)	129	83333	1	sdhC cybA b0721 JW0711	Evidence at protein level	EcoCyc:SDH-MEMB1;MetaCyc:SDH-MEMB1;	5.0
P0AC44	P0AC44	DHSD_ECOLI	Succinate dehydrogenase hydrophobic membrane anchor subunit	Escherichia coli (strain K12)	115	83333	1	sdhD b0722 JW0712	Evidence at protein level	EcoCyc:SDH-MEMB2;MetaCyc:SDH-MEMB2;	5.0
P0AGE9	P0AGE9	SUCD_ECOLI	Succinate--CoA ligase [ADP-forming] subunit alpha (EC 6.2.1.5) (Succinyl-CoA synthetase subunit alpha) (SCS-alpha)	Escherichia coli (strain K12)	289	83333	2	sucD b0729 JW0718	Evidence at protein level	EcoCyc:SUCCCOASYN-ALPHA;MetaCyc:SUCCCOASYN-ALPHA;	5.0
P0A836	P0A836	SUCC_ECOLI	Succinate--CoA ligase [ADP-forming] subunit beta (EC 6.2.1.5) (Succinyl-CoA synthetase subunit beta) (SCS-beta)	Escherichia coli (strain K12)	388	83333	1	sucC b0728 JW0717	Evidence at protein level	EcoCyc:SUCCCOASYN-BETA;MetaCyc:SUCCCOASYN-BETA;	5.0
P0AB74	P0AB74	KBAY_ECOLI	D-tagatose-1,6-bisphosphate aldolase subunit KbaY (TBPA) (TagBP aldolase) (EC 4.1.2.40) (D-tagatose-bisphosphate aldolase class II) (Ketose 1,6-bisphosphate aldolase class II) (Tagatose-bisphosphate aldolase)	Escherichia coli (strain K12)	286	83333	1	kbaY agaY kba yraC b3137 JW3106	Evidence at protein level	EcoCyc:TAGAALDOL1-MON;MetaCyc:TAGAALDOL1-MON;	5.0
P0A867	P0A867	TALA_ECOLI	Transaldolase A (EC 2.2.1.2)	Escherichia coli (strain K12)	316	83333	1	talA b2464 JW2448	Inferred from homology	EcoCyc:TRANSALDOLA-MON;	3.0
P27302	P27302	TKT1_ECOLI	Transketolase 1 (TK 1) (EC 2.2.1.1)	Escherichia coli (strain K12)	663	83333	5	tktA tkt b2935 JW5478	Evidence at protein level	EcoCyc:TRANSKETOI-MON;MetaCyc:TRANSKETOI-MON;	5.0
P33570	P33570	TKT2_ECOLI	Transketolase 2 (TK 2) (EC 2.2.1.1)	Escherichia coli (strain K12)	667	83333	1	tktB b2465 JW2449	Evidence at protein level	EcoCyc:TRANSKETOII-MON;MetaCyc:TRANSKETOII-MON;	4.0
P0A858	P0A858	TPIS_ECOLI	Triosephosphate isomerase (TIM) (TPI) (EC 5.3.1.1) (Triose-phosphate isomerase)	Escherichia coli (strain K12)	255	83333	1	tpiA tpi b3919 JW3890	Evidence at protein level	EcoCyc:TPI-MON;MetaCyc:TPI-MON;	5.0
P09147	P09147	GALE_ECOLI	UDP-glucose 4-epimerase (EC 5.1.3.2) (Galactowaldenase) (UDP-galactose 4-epimerase)	Escherichia coli (strain K12)	338	83333	1	galE galD b0759 JW0742	Evidence at protein level	EcoCyc:UDPGLUCEPIM-MON;MetaCyc:UDPGLUCEPIM-MON;	5.0
P37388	P37388	XYLG_ECOLI	Xylose import ATP-binding protein XylG (EC 7.5.2.10)	Escherichia coli (strain K12)	513	83333	1	xylG b3567 JW3539	Evidence at protein level	EcoCyc:XYLG-MON;MetaCyc:XYLG-MON;	4.0
P0AGI4	P0AGI4	XYLH_ECOLI	Xylose transport system permease protein XylH	Escherichia coli (strain K12)	393	83333	1	xylH b3568 JW3540	Evidence at protein level	EcoCyc:XYLH-MON;MetaCyc:XYLH-MON;	3.0
P37387	P37387	XYLF_ECOLI	D-xylose-binding periplasmic protein	Escherichia coli (strain K12)	330	83333	1	xylF xylT b3566 JW3538	Evidence at protein level	EcoCyc:XYLF-MON;MetaCyc:XYLF-MON;	4.0
P00944	P00944	XYLA_ECOLI	Xylose isomerase (EC 5.3.1.5) (D-xylulose keto-isomerase)	Escherichia coli (strain K12)	440	83333	1	xylA b3565 JW3537	Evidence at protein level	EcoCyc:XYLISOM-MON;MetaCyc:XYLISOM-MON;	4.0
P09099	P09099	XYLB_ECOLI	Xylulose kinase (XK) (Xylulokinase) (EC 2.7.1.17) (1-deoxy-D-xylulokinase) (EC 2.7.1.-)	Escherichia coli (strain K12)	484	83333	1	xylB b3564 JW3536	Evidence at protein level	EcoCyc:XYLULOKIN-MON;MetaCyc:XYLULOKIN-MON;	5.0
P00722	P00722	BGAL_ECOLI	Beta-galactosidase (Beta-gal) (EC 3.2.1.23) (Lactase)	Escherichia coli (strain K12)	1024	83333	2	lacZ b0344 JW0335	Evidence at protein level	EcoCyc:BETAGALACTOSID-MON;MetaCyc:BETAGALACTOSID-MON;	5.0
A0A0H3JRU9	A0A0H3JRU9	PYC_STAAM	Pyruvate carboxylase (EC 6.4.1.1)	Staphylococcus aureus (strain Mu50 / ATCC 700699)	1150	158878	1	pycA SAV1114	Evidence at protein level	SAUR158878:SAV_RS06000-MON;	5.0
A0A6L5GP40	A0A6L5GP40	A0A6L5GP40_9FIRM	4Fe-4S dicluster domain-containing protein	Candidatus Pseudoramibacter fermentans	493	2594427	1	FRC53_00265	Predicted		1.0
A0A6L5GPD6	A0A6L5GPD6	A0A6L5GPD6_9FIRM	Electron transfer flavoprotein subunit beta/FixA family protein	Candidatus Pseudoramibacter fermentans	266	2594427	1	FRC53_01660	Inferred from homology		1.0
A0A6L5GQN4	A0A6L5GQN4	A0A6L5GQN4_9FIRM	Electron transfer flavoprotein subunit alpha/FixB family protein	Candidatus Pseudoramibacter fermentans	337	2594427	1	FRC53_01655	Inferred from homology		1.0
A0A6L5GQT1	A0A6L5GQT1	A0A6L5GQT1_9FIRM	FAD-binding oxidoreductase	Candidatus Pseudoramibacter fermentans	478	2594427	1	FRC53_01905	Predicted		1.0
A0A6N7IY41	A0A6N7IY41	A0A6N7IY41_9FIRM	Thioesterase	Candidatus Weimeria bifida	128	2599074	1	FRC54_01625	Predicted		1.0
A0A6N7IYC5	A0A6N7IYC5	A0A6N7IYC5_9FIRM	NADH-quinone oxidoreductase subunit NuoB (EC 1.6.5.11)	Candidatus Weimeria bifida	181	2599074	1	nuoB FRC54_05440	Predicted		1.0
A0A6N7IYC8	A0A6N7IYC8	A0A6N7IYC8_9FIRM	NADH-quinone oxidoreductase subunit C	Candidatus Weimeria bifida	157	2599074	1	FRC54_05435	Predicted		1.0
A0A6N7IYD6	A0A6N7IYD6	A0A6N7IYD6_9FIRM	NADH-quinone oxidoreductase subunit D	Candidatus Weimeria bifida	360	2599074	1	FRC54_05430	Inferred from homology		2.0
A0A6N7IZ71	A0A6N7IZ71	A0A6N7IZ71_9FIRM	Ion-translocating oxidoreductase complex subunit B (EC 7.-.-.-) (Rnf electron transport complex subunit B)	Candidatus Weimeria bifida	273	2599074	1	rnfB FRC54_06910	Inferred from homology		3.0
A0A6N7IZA1	A0A6N7IZA1	A0A6N7IZA1_9FIRM	Ion-translocating oxidoreductase complex subunit E (EC 7.-.-.-) (Rnf electron transport complex subunit E)	Candidatus Weimeria bifida	255	2599074	1	rnfE FRC54_06900	Inferred from homology		2.0
A0A6N7IZF8	A0A6N7IZF8	A0A6N7IZF8_9FIRM	Ion-translocating oxidoreductase complex subunit D (EC 7.-.-.-) (Rnf electron transport complex subunit D)	Candidatus Weimeria bifida	325	2599074	1	rnfD FRC54_06890	Inferred from homology		2.0
A0A6N7J003	A0A6N7J003	A0A6N7J003_9FIRM	4Fe-4S dicluster domain-containing protein	Candidatus Weimeria bifida	165	2599074	1	FRC54_05425	Predicted		1.0
A0A6N7J0I1	A0A6N7J0I1	A0A6N7J0I1_9FIRM	NADH-quinone oxidoreductase subunit H	Candidatus Weimeria bifida	290	2599074	1	FRC54_05445	Predicted		1.0
A0A6N7J0N4	A0A6N7J0N4	A0A6N7J0N4_9FIRM	Ion-translocating oxidoreductase complex subunit G (EC 7.-.-.-) (Rnf electron transport complex subunit G)	Candidatus Weimeria bifida	204	2599074	1	rnfG FRC54_06895	Inferred from homology		2.0
A0A6N7J0S6	A0A6N7J0S6	A0A6N7J0S6_9FIRM	Ion-translocating oxidoreductase complex subunit A (EC 7.-.-.-) (Rnf electron transport complex subunit A)	Candidatus Weimeria bifida	191	2599074	1	rnfA FRC54_06905	Inferred from homology		2.0
A0A6N7J0W2	A0A6N7J0W2	A0A6N7J0W2_9FIRM	Ion-translocating oxidoreductase complex subunit C (EC 7.-.-.-) (Rnf electron transport complex subunit C)	Candidatus Weimeria bifida	447	2599074	1	rsxC rnfC FRC54_06885	Inferred from homology		2.0
A0A6N7J161	A0A6N7J161	A0A6N7J161_9FIRM	Butyryl-CoA:acetate CoA-transferase (Butyryl-CoA CoA-transferase) (EC 2.8.3.-)	Candidatus Weimeria bifida	448	2599074	1	FRC54_10905	Inferred from homology		2.0
A0A6N7J178	A0A6N7J178	A0A6N7J178_9FIRM	NADH-quinone oxidoreductase subunit L	Candidatus Weimeria bifida	649	2599074	1	FRC54_05450	Inferred from homology		1.0
A0A6N7J1B3	A0A6N7J1B3	A0A6N7J1B3_9FIRM	3-hydroxybutyryl-CoA dehydrogenase (EC 1.1.1.157)	Candidatus Weimeria bifida	294	2599074	1	FRC54_10765	Inferred from homology		2.0
A0A6N7J249	A0A6N7J249	A0A6N7J249_9FIRM	Enoyl-CoA hydratase/isomerase family protein	Candidatus Weimeria bifida	275	2599074	1	FRC54_09670	Inferred from homology		1.0
A0A6N7J2P1	A0A6N7J2P1	A0A6N7J2P1_9FIRM	Acetyl-CoA C-acetyltransferase	Candidatus Weimeria bifida	395	2599074	1	FRC54_10760	Inferred from homology		1.0
A0A6N7J2R9	A0A6N7J2R9	A0A6N7J2R9_9FIRM	Acyl-CoA dehydrogenase	Candidatus Weimeria bifida	386	2599074	1	FRC54_10770	Inferred from homology		1.0
B3EY95	B3EY95	SCACT_ACEAC	Succinyl-CoA:acetate CoA-transferase (EC 2.8.3.18) (Succinyl-coenzyme A (CoA):acetate CoA-transferase) (SCACT)	Acetobacter aceti	505	435	1		Evidence at protein level	MetaCyc:MON-17982;	5.0
C7N8L9	C7N8L9	LACG_LEPBD	6-phospho-beta-galactosidase (EC 3.2.1.85) (Beta-D-phosphogalactoside galactohydrolase) (PGALase) (P-beta-Gal) (PBG)	Leptotrichia buccalis (strain ATCC 14201 / DSM 1135 / JCM 12969 / NCTC 10249 / C-1013-b)	467	523794	1	lacG Lebu_0590	Evidence at protein level		4.0
F9USS9	F9USS9	LARA_LACPL	Lactate racemase (Lar) (EC 5.1.2.1) (Lactate racemization operon protein LarA)	Lactiplantibacillus plantarum (strain ATCC BAA-793 / NCIMB 8826 / WCFS1) (Lactobacillus plantarum)	424	220668	1	larA lp_0104	Evidence at protein level	LPLA220668:G1GW0-82-MON;MetaCyc:MON-19498;	5.0
G3KIM3	G3KIM3	LCDB_ANAPI	Lactoyl-CoA dehydratase subunit beta (EC 4.2.1.54) ((R)-lactyl-CoA dehydratase component E II) (2-hydroxybutyroyl-CoA dehydratase)	Anaerotignum propionicum (Clostridium propionicum)	374	28446	1	lcdB	Evidence at protein level	MetaCyc:BETALAC-MON;	4.0
G3KIM4	G3KIM4	LCDA_ANAPI	Lactoyl-CoA dehydratase subunit alpha (EC 4.2.1.54) ((R)-lactyl-CoA dehydratase component E II) (2-hydroxybutyroyl-CoA dehydratase)	Anaerotignum propionicum (Clostridium propionicum)	422	28446	1	lcdA	Evidence at protein level	MetaCyc:ALPHALAC-MON;	4.0
G5EBD7	G5EBD7	6PGDH_GLUOX	6-phosphogluconate dehydrogenase, NAD(+)-dependent, decarboxylating (6PGDH) (EC 1.1.1.343)	Gluconobacter oxydans (strain 621H) (Gluconobacter suboxydans)	332	290633	1	GOX1705	Evidence at protein level		4.0
O53181	O53181	KORB_MYCTU	2-oxoglutarate oxidoreductase subunit KorB (EC 1.2.7.3) (Alpha-ketoglutarate oxidoreductase subunit beta) (KG oxidoreductase subunit beta) (KGO subunit beta) (KOR subunit beta)	Mycobacterium tuberculosis (strain ATCC 25618 / H37Rv)	373	83332	1	korB Rv2454c	Evidence at protein level	MetaCyc:G185E-6686-MON;	5.0
O53182	O53182	KORA_MYCTU	2-oxoglutarate oxidoreductase subunit KorA (EC 1.2.7.3) (Alpha-ketoglutarate oxidoreductase subunit alpha/gamma) (KG oxidoreductase subunit alpha/gamma) (KGO subunit alpha/gamma) (KOR subunit alpha/gamma)	Mycobacterium tuberculosis (strain ATCC 25618 / H37Rv)	653	83332	3	korA Rv2455c	Evidence at protein level	MetaCyc:G185E-6687-MON;	4.0
P02904	P02904	BCCP_PROFR	Methylmalonyl-CoA carboxyltransferase 1.3S subunit (EC 2.1.3.1) (Biotin carboxyl carrier protein of transcarboxylase) (Transcarboxylase, 1.3S subunit)	Propionibacterium freudenreichii subsp. shermanii	123	1752	1		Evidence at protein level	MetaCyc:MON-12431;	3.0
P0A283	P0A283	PTGA_SALTY	PTS system glucose-specific EIIA component (EIIA-Glc) (EIII-Glc) (Glucose-specific phosphotransferase enzyme IIA component)	Salmonella typhimurium (strain LT2 / SGSC1412 / ATCC 700720)	169	99287	2	crr STM2433	Evidence at protein level	SENT99287:STM2433-MON;	5.0
P11162	P11162	PTLCB_STAAU	PTS system lactose-specific EIICB component (EIICB-Lac) (EII-Lac) [Includes: PTS system lactose-specific EIIC component (Lactose permease IIC component); PTS system lactose-specific EIIB component (EC 2.7.1.207) (Lactose-specific phosphotransferase enzyme IIB component)]	Staphylococcus aureus	570	1280	2	lacE	Evidence at protein level		4.0
P21164	P21164	FTHS_MOOTH	Formate--tetrahydrofolate ligase (EC 6.3.4.3) (Formyltetrahydrofolate synthetase) (FHS) (FTHFS)	Moorella thermoacetica (Clostridium thermoaceticum)	559	1525	1	fhs	Evidence at protein level	MetaCyc:FORMYLSYNTHCLTH-MON;	3.0
P23494	P23494	LACA_LACLL	Galactose-6-phosphate isomerase subunit LacA (EC 5.3.1.26)	Lactococcus lactis subsp. lactis (Streptococcus lactis)	141	1360	1	lacA	Evidence at protein level		3.0
P23495	P23495	LACB_LACLL	Galactose-6-phosphate isomerase subunit LacB (EC 5.3.1.26)	Lactococcus lactis subsp. lactis (Streptococcus lactis)	171	1360	1	lacB	Evidence at protein level		3.0
P23936	P23936	LACY_STRTR	Lactose permease (Lactose transport protein) (Lactose-proton symporter) [Includes: Putative phosphotransferase enzyme IIA component (EC 2.7.1.-) (Putative PTS system EIIA component)]	Streptococcus thermophilus	634	1308	1	lacS	Inferred from homology		3.0
P31896	P31896	COOS_RHORU	Carbon monoxide dehydrogenase (CODH) (EC 1.2.7.4)	Rhodospirillum rubrum	639	1085	1	cooS	Evidence at protein level	MetaCyc:MON-16431;	5.0
P38942	P38942	CAT2_CLOK5	4-hydroxybutyrate coenzyme A transferase (EC 2.8.3.-)	Clostridium kluyveri (strain ATCC 8527 / DSM 555 / NCIMB 10680)	429	431943	3	cat2 CKL_3018	Inferred from homology	MetaCyc:MON-13467;	2.0
P42404	P42404	PHI_BACSU	3-hexulose-6-phosphate isomerase (EC 5.3.1.27) (6-phospho-3-hexuloisomerase) (PHI)	Bacillus subtilis (strain 168)	185	224308	1	hxlB yckF BSU03450	Evidence at protein level	BSUB:BSU03450-MON;	4.0
P42405	P42405	HPS_BACSU	3-hexulose-6-phosphate synthase (HPS) (EC 4.1.2.43) (D-arabino-3-hexulose-6-phosphate formaldehyde lyase) (HUMPS)	Bacillus subtilis (strain 168)	210	224308	2	hxlA yckG BSU03460	Evidence at protein level	BSUB:BSU03460-MON;	3.0
P46154	P46154	FADH_PSEPU	Glutathione-independent formaldehyde dehydrogenase (FALDH) (FDH) (EC 1.2.1.46) (Formaldehyde dismutase) (EC 1.2.98.1)	Pseudomonas putida (Arthrobacter siderocapsulatus)	399	303	3	fdhA	Evidence at protein level		5.0
P55792	P55792	HDVD_CLOAM	4-hydroxybutyryl-CoA dehydratase/vinylacetyl-CoA-Delta-isomerase (4-BUDH) (EC 4.2.1.120) (EC 5.3.3.3) (Gamma-aminobutyrate metabolism dehydratase/isomerase)	Clostridium aminobutyricum	490	33953	3	abfD	Evidence at protein level	MetaCyc:MON-13485;	4.0
P94692	P94692	PFOR_DESAF	Pyruvate:ferredoxin oxidoreductase (PFOR) (POR) (EC 1.2.7.1) (Pyruvate synthase)	Desulfocurvibacter africanus (Desulfovibrio africanus)	1232	873	1	por	Evidence at protein level		5.0
P9WID7	P9WID7	PFKA_MYCTU	ATP-dependent 6-phosphofructokinase (ATP-PFK) (Phosphofructokinase) (EC 2.7.1.11) (Phosphofructokinase A) (Phosphohexokinase) (Tagatose-6-phosphate kinase) (EC 2.7.1.144)	Mycobacterium tuberculosis (strain ATCC 25618 / H37Rv)	343	83332	1	pfkA Rv3010c MTV012.24c	Evidence at protein level		5.0
Q46389	Q46389	ACSE_MOOTH	5-methyltetrahydrofolate:corrinoid/iron-sulfur protein co-methyltransferase (EC 2.1.1.258) (5-methyltetrahydrofolate corrinoid/iron sulfur protein methyltransferase) (MeTr)	Moorella thermoacetica (Clostridium thermoaceticum)	262	1525	2	acsE	Evidence at protein level	MetaCyc:METHCOCLTH-MON;	5.0
Q5LUF3	Q5LUF3	PCCA_RUEPO	Propionyl-CoA carboxylase alpha chain (EC 6.4.1.3)	Ruegeria pomeroyi (strain ATCC 700808 / DSM 15171 / DSS-3) (Silicibacter pomeroyi)	681	246200	1	pccA SPO1101	Evidence at protein level		5.0
Q70AC7	Q70AC7	5S_PROFR	Methylmalonyl-CoA carboxyltransferase 5S subunit (EC 2.1.3.1) (Transcarboxylase 5S subunit)	Propionibacterium freudenreichii subsp. shermanii	505	1752	1		Evidence at protein level	MetaCyc:MON-12430;	5.0
Q8GBW6	Q8GBW6	12S_PROFR	Methylmalonyl-CoA carboxyltransferase 12S subunit (EC 2.1.3.1) (Transcarboxylase 12S subunit)	Propionibacterium freudenreichii subsp. shermanii	524	1752	4		Evidence at protein level	MetaCyc:MON-12429;	3.0
Q3IZP4	Q3IZP4	EPI_CERS4	Ethylmalonyl-CoA/methylmalonyl-CoA epimerase (EC 5.1.99.-) (EC 5.1.99.1)	Cereibacter sphaeroides (strain ATCC 17023 / DSM 158 / JCM 6121 / CCUG 31486 / LMG 2827 / NBRC 12203 / NCIMB 8253 / ATH 2.4.1.) (Rhodobacter sphaeroides)	134	272943	1	epi RSP_0812	Evidence at protein level		4.0
Q9AEM9	Q9AEM9	XFP_BIFAS	Xylulose-5-phosphate/fructose-6-phosphate phosphoketolase (EC 4.1.2.22) (EC 4.1.2.9)	Bifidobacterium animalis subsp. lactis (strain DSM 10140 / JCM 10602 / LMG 18314)	825	555970	1	xfp Balat_0971	Evidence at protein level	BANI555970:G1GVE-989-MON;MetaCyc:MON-12656;	3.0
Q9HUU1	Q9HUU1	OADC_PSEAE	Oxaloacetate decarboxylase (EC 4.1.1.112)	Pseudomonas aeruginosa (strain ATCC 15692 / DSM 22644 / CIP 104116 / JCM 14847 / LMG 12228 / 1C / PRS 101 / PAO1)	287	208964	1	PA4872	Evidence at protein level	PAER208964:G1FZ6-4986-MON;	5.0
B8I0V5	B8I0V5	B8I0V5_RUMCH	Hexokinase	Ruminiclostridium cellulolyticum (strain ATCC 35319 / DSM 5812 / JCM 6584 / H10) (Clostridium cellulolyticum)	431	394503	1	Ccel_3221	Inferred from homology		1.0
P00343	P00343	LDH_LACCA	L-lactate dehydrogenase (L-LDH) (EC 1.1.1.27)	Lactobacillus casei	326	1582	3	ldh	Evidence at protein level	MetaCyc:MON-8681;	5.0
P52697	P52697	6PGL_ECOLI	6-phosphogluconolactonase (6-P-gluconolactonase) (Pgl) (EC 3.1.1.31)	Escherichia coli (strain K12)	331	83333	2	pgl ybhE b0767 JW0750	Evidence at protein level	EcoCyc:6PGLUCONOLACT-MON;MetaCyc:6PGLUCONOLACT-MON;	3.0
P0ADF6	P0ADF6	EDD_ECOLI	Phosphogluconate dehydratase (EC 4.2.1.12) (6-phosphogluconate dehydratase) (Entner-Doudoroff dehydrase)	Escherichia coli (strain K12)	603	83333	1	edd b1851 JW1840	Evidence at protein level	EcoCyc:PGLUCONDEHYDRAT-MON;MetaCyc:PGLUCONDEHYDRAT-MON;	5.0
P0A955	P0A955	ALKH_ECOLI	KHG/KDPG aldolase [Includes: 4-hydroxy-2-oxoglutarate aldolase (EC 4.1.3.16) (2-keto-4-hydroxyglutarate aldolase) (KHG-aldolase); 2-dehydro-3-deoxy-phosphogluconate aldolase (EC 4.1.2.14) (2-keto-3-deoxy-6-phosphogluconate aldolase) (KDPG-aldolase) (Phospho-2-dehydro-3-deoxygluconate aldolase) (Phospho-2-keto-3-deoxygluconate aldolase)]	Escherichia coli (strain K12)	213	83333	1	eda hga kdgA b1850 JW1839	Evidence at protein level	EcoCyc:KDPGALDOL-4OH2OXOGLUTARALDOL-MON;MetaCyc:KDPGALDOL-4OH2OXOGLUTARALDOL-MON;	5.0
Q8L388	Q8L388	Q8L388_ACEPA	Pyruvate decarboxylase (EC 4.1.1.1)	Acetobacter pasteurianus (Acetobacter turbidans)	557	438	1	pdc	Evidence at protein level		2.0
G0VND6	G0VND6	G0VND6_MEGEL	Coenzyme A transferase	Megasphaera elsdenii DSM 20460	517	1064535	1	MELS_0742	Inferred from homology	MetaCyc:MON-18809;	1.0
P11411	P11411	G6PD_LEUME	Glucose-6-phosphate 1-dehydrogenase (G6PD) (EC 1.1.1.363) (Glucose-6-phosphate dehydrogenase (NAD(P)(+)))	Leuconostoc mesenteroides	486	1245	4	zwf	Evidence at protein level	MetaCyc:MON-13060;	5.0
Q6F494	Q6F494	PCKG_THEKO	Phosphoenolpyruvate carboxykinase [GTP] (PEP carboxykinase) (PEPCK) (EC 4.1.1.32) (GTP-dependent phosphoenolpyruvate carboxykinase) (GTP-PEPCK) (PckTk)	Thermococcus kodakarensis (strain ATCC BAA-918 / JCM 12380 / KOD1) (Pyrococcus kodakaraensis (strain KOD1))	623	69014	1	pckG pck TK1405	Evidence at protein level		5.0
P17412	P17412	FRDA_WOLSU	Fumarate reductase flavoprotein subunit (EC 1.3.5.1) (Quinol-fumarate reductase flavoprotein subunit) (QFR flavoprotein subunit)	Wolinella succinogenes (strain ATCC 29543 / DSM 1740 / LMG 7466 / NCTC 11488 / FDC 602W) (Vibrio succinogenes)	656	273121	3	frdA WS0831	Evidence at protein level		5.0
P17596	P17596	FRDB_WOLSU	Fumarate reductase iron-sulfur subunit (EC 1.3.5.1) (Quinol-fumarate reductase iron-sulfur subunit) (QFR iron-sulfur subunit)	Wolinella succinogenes (strain ATCC 29543 / DSM 1740 / LMG 7466 / NCTC 11488 / FDC 602W) (Vibrio succinogenes)	239	273121	1	frdB WS0830	Evidence at protein level		5.0
P17413	P17413	FRDC_WOLSU	Fumarate reductase cytochrome b subunit (Quinol-fumarate reductase cytochrome b subunit) (QFR cytochrome b subunit)	Wolinella succinogenes (strain ATCC 29543 / DSM 1740 / LMG 7466 / NCTC 11488 / FDC 602W) (Vibrio succinogenes)	256	273121	1	frdC WS0832	Evidence at protein level		5.0
O52683	O52683	O52683_THEMT	Fe-hydrogenase alpha subunit	Thermotoga maritima	645	2336	1	hydA	Predicted	MetaCyc:MON-261;	1.0
O52682	O52682	O52682_THEMT	Fe-hydrogenase beta subunit	Thermotoga maritima	626	2336	1	hydB	Inferred from homology	MetaCyc:MON-262;	1.0
O52681	O52681	O52681_THEMT	Fe-hydrogenase gamma subunit	Thermotoga maritima	161	2336	1	hydC	Inferred from homology	MetaCyc:MON-263;	1.0
P0A763	P0A763	NDK_ECOLI	Nucleoside diphosphate kinase (NDK) (NDP kinase) (EC 2.7.4.6) (Nucleoside-2-P kinase)	Escherichia coli (strain K12)	143	83333	2	ndk b2518 JW2502	Evidence at protein level	EcoCyc:NUCLEOSIDE-DIP-KIN-MON;MetaCyc:NUCLEOSIDE-DIP-KIN-MON;	5.0
